Method	A	Runtime	k	Test
greedy	{82, 38, 30, 24, 46}	2.161898	5	0
random	{64, 1, 49, 20, 27}	0.000026	5	0
out-degree	{38, 78, 46, 52, 30}	0.000127	5	0
closeness centrality	{96, 98, 39, 17, 54}	0.000854	5	0
greedy	{64, 38, 46, 78, 82, 52, 23, 88, 29, 30}	2.280753	10	4
random	{3, 68, 5, 71, 8, 9, 44, 53, 85, 88}	0.000031	10	0
out-degree	{2, 5, 38, 7, 78, 46, 14, 82, 52, 30}	0.000188	10	2
closeness centrality	{96, 32, 98, 33, 39, 46, 17, 54, 27, 62}	0.000875	10	0
